{
  "match": true,
  "similarity": 0.8464705882352941,
  "avg_distance": 46.05882352941177
}