{
  "match": true,
  "similarity": 0.9134234234234234,
  "avg_distance": 25.972972972972972
}