{
  "match": true,
  "similarity": 0.8858156028368794,
  "avg_distance": 34.255319148936174
}