{
  "match": true,
  "similarity": 0.9123484848484849,
  "avg_distance": 26.295454545454547
}